Workbook

Sheet Management_Dashboard
B1: ⚡MARKET ANALYST OPERATIONS & KPI AUDIT HUB
B2: Executive Overview • CRM Data Integrity • Analyst Deliverables • Department Attendance
B5: CRM DATA ACCURACY RATE | E5: ANALYST ON-TIME DELIVERY RATE | H5: DEPARTMENT ATTENDANCE RATE
B6: =COUNTIF(CRM_Audit_Log!G2:G31, "CLEAN / AUDITED") / COUNTA(CRM_Audit_Log!G2:G31) -> 0.93333333 | E6: =SUM(Analyst_KPI_Tracker!E2:E9) / SUM(Analyst_KPI_Tracker!D2:D9) -> 0.89285714 | H6: =AVERAGE(Daily_Attendance_Register!W2:W9) -> 0.96875
B8: 28 / 30 Records Clean (Target: ≥90%) | E8: 23 / 26 Deliveries on Schedule | H8: 20-Day Active Register (Target: ≥95%)
B10: ACTIVE ANALYST PERFORMANCE BENCHMARKS
B11: Analyst Name | C11: Sector | D11: Target | E11: Submitted | F11: On Time | G11: KPI % | H11: Operational Status
B12: =Analyst_KPI_Tracker!A2 -> Sarah Jenkins | C12: =Analyst_KPI_Tracker!B2 -> Financial Services | D12: =Analyst_KPI_Tracker!C2 -> 4 | E12: =Analyst_KPI_Tracker!D2 -> 4 | F12: =Analyst_KPI_Tracker!E2 -> 4 | G12: =Analyst_KPI_Tracker!G2 -> 1 | H12: =Analyst_KPI_Tracker!H2 -> COMPLIANT
B13: =Analyst_KPI_Tracker!A3 -> Marcus Vance | C13: =Analyst_KPI_Tracker!B3 -> Healthcare & Biotech | D13: =Analyst_KPI_Tracker!C3 -> 4 | E13: =Analyst_KPI_Tracker!D3 -> 4 | F13: =Analyst_KPI_Tracker!E3 -> 3 | G13: =Analyst_KPI_Tracker!G3 -> 1 | H13: =Analyst_KPI_Tracker!H3 -> ACTION REQUIRED: Follow-Up Sent
B14: =Analyst_KPI_Tracker!A4 -> Elena Rostova | C14: =Analyst_KPI_Tracker!B4 -> Clean Energy & Utilities | D14: =Analyst_KPI_Tracker!C4 -> 3 | E14: =Analyst_KPI_Tracker!D4 -> 3 | F14: =Analyst_KPI_Tracker!E4 -> 3 | G14: =Analyst_KPI_Tracker!G4 -> 1 | H14: =Analyst_KPI_Tracker!H4 -> COMPLIANT
B15: =Analyst_KPI_Tracker!A5 -> Tariq Al-Mansoor | C15: =Analyst_KPI_Tracker!B5 -> Technology & AI | D15: =Analyst_KPI_Tracker!C5 -> 5 | E15: =Analyst_KPI_Tracker!D5 -> 5 | F15: =Analyst_KPI_Tracker!E5 -> 4 | G15: =Analyst_KPI_Tracker!G5 -> 1 | H15: =Analyst_KPI_Tracker!H5 -> ACTION REQUIRED: Follow-Up Sent
B16: =Analyst_KPI_Tracker!A6 -> Chloe Dubois | C16: =Analyst_KPI_Tracker!B6 -> Industrial & Logistics | D16: =Analyst_KPI_Tracker!C6 -> 4 | E16: =Analyst_KPI_Tracker!D6 -> 4 | F16: =Analyst_KPI_Tracker!E6 -> 4 | G16: =Analyst_KPI_Tracker!G6 -> 1 | H16: =Analyst_KPI_Tracker!H6 -> COMPLIANT
B17: =Analyst_KPI_Tracker!A7 -> Liam O'Connor | C17: =Analyst_KPI_Tracker!B7 -> Consumer & Retail | D17: =Analyst_KPI_Tracker!C7 -> 3 | E17: =Analyst_KPI_Tracker!D7 -> 2 | F17: =Analyst_KPI_Tracker!E7 -> 2 | G17: =Analyst_KPI_Tracker!G7 -> 0.66666667 | H17: =Analyst_KPI_Tracker!H7 -> ACTION REQUIRED: Follow-Up Sent
B18: =Analyst_KPI_Tracker!A8 -> Priya Patel | C18: =Analyst_KPI_Tracker!B8 -> Commodities & Mining | D18: =Analyst_KPI_Tracker!C8 -> 3 | E18: =Analyst_KPI_Tracker!D8 -> 3 | F18: =Analyst_KPI_Tracker!E8 -> 2 | G18: =Analyst_KPI_Tracker!G8 -> 1 | H18: =Analyst_KPI_Tracker!H8 -> ACTION REQUIRED: Follow-Up Sent
B19: =Analyst_KPI_Tracker!A9 -> David Kim | C19: =Analyst_KPI_Tracker!B9 -> Aerospace & Tech | D19: =Analyst_KPI_Tracker!C9 -> 3 | E19: =Analyst_KPI_Tracker!D9 -> 3 | F19: =Analyst_KPI_Tracker!E9 -> 3 | G19: =Analyst_KPI_Tracker!G9 -> 1 | H19: =Analyst_KPI_Tracker!H9 -> COMPLIANT
B21: UNRESOLVED CRM DISCREPANCIES (AUDIT FLAG: ACTION REQUIRED)
B22: Record ID | C22: Client Name | D22: Sector | E22: Assigned Analyst | F22: Report Status | G22: Last Updated Date | H22: Audit Flag
B23: =CRM_Audit_Log!A9 -> REC-1008 | C23: =CRM_Audit_Log!B9 -> AeroDynamics Global | D23: =IF(CRM_Audit_Log!C9="", "", CRM_Audit_Log!C9) | E23: =CRM_Audit_Log!D9 -> David Kim | F23: =CRM_Audit_Log!E9 -> Completed | G23: =CRM_Audit_Log!F9 -> 46240 | H23: =CRM_Audit_Log!G9 -> DISCREPANCY - MISSING DATA
B24: =CRM_Audit_Log!A15 -> REC-1014 | C24: =CRM_Audit_Log!B15 -> BlueWave Marine Tech | D24: =CRM_Audit_Log!C15 -> Maritime & Shipping | E24: =CRM_Audit_Log!D15 -> Liam O'Connor | F24: =CRM_Audit_Log!E15 -> In Review | G24: =IF(CRM_Audit_Log!F15="", "", CRM_Audit_Log!F15) | H24: =CRM_Audit_Log!G15 -> DISCREPANCY - MISSING DATA

Sheet CRM_Audit_Log
A1: Record_ID | B1: Client_Name | C1: Market_Sector | D1: Assigned_Analyst | E1: Report_Status | F1: Last_Updated_Date | G1: Data_Audit_Flag
A2: REC-1001 | B2: Apex Capital Partners | C2: Financial Services | D2: Sarah Jenkins | E2: Completed | F2: 46235 | G2: =IF(OR(ISBLANK(C2), ISBLANK(E2), ISBLANK(F2)), "DISCREPANCY - MISSING DATA", "CLEAN / AUDITED") -> CLEAN / AUDITED
A3: REC-1002 | B3: BioGenix Therapeutics | C3: Healthcare & Biotech | D3: Marcus Vance | E3: In Review | F3: 46236 | G3: =IF(OR(ISBLANK(C3), ISBLANK(E3), ISBLANK(F3)), "DISCREPANCY - MISSING DATA", "CLEAN / AUDITED") -> CLEAN / AUDITED
A4: REC-1003 | B4: Starlight Energy Corp | C4: Clean Energy & Utilities | D4: Elena Rostova | E4: Completed | F4: 46237 | G4: =IF(OR(ISBLANK(C4), ISBLANK(E4), ISBLANK(F4)), "DISCREPANCY - MISSING DATA", "CLEAN / AUDITED") -> CLEAN / AUDITED
A5: REC-1004 | B5: NovaTech AI Systems | C5: Technology & AI | D5: Tariq Al-Mansoor | E5: Drafting | F5: 46237 | G5: =IF(OR(ISBLANK(C5), ISBLANK(E5), ISBLANK(F5)), "DISCREPANCY - MISSING DATA", "CLEAN / AUDITED") -> CLEAN / AUDITED
A6: REC-1005 | B6: Vanguard Logistics | C6: Industrial & Supply Chain | D6: Chloe Dubois | E6: Completed | F6: 46238 | G6: =IF(OR(ISBLANK(C6), ISBLANK(E6), ISBLANK(F6)), "DISCREPANCY - MISSING DATA", "CLEAN / AUDITED") -> CLEAN / AUDITED
A7: REC-1006 | B7: Meridian Retail Group | C7: Consumer & Retail | D7: Liam O'Connor | E7: Completed | F7: 46239 | G7: =IF(OR(ISBLANK(C7), ISBLANK(E7), ISBLANK(F7)), "DISCREPANCY - MISSING DATA", "CLEAN / AUDITED") -> CLEAN / AUDITED
A8: REC-1007 | B8: Solaria Mining Ltd | C8: Commodities & Mining | D8: Priya Patel | E8: In Review | F8: 46239 | G8: =IF(OR(ISBLANK(C8), ISBLANK(E8), ISBLANK(F8)), "DISCREPANCY - MISSING DATA", "CLEAN / AUDITED") -> CLEAN / AUDITED
A9: REC-1008 | B9: AeroDynamics Global | D9: David Kim | E9: Completed | F9: 46240 | G9: =IF(OR(ISBLANK(C9), ISBLANK(E9), ISBLANK(F9)), "DISCREPANCY - MISSING DATA", "CLEAN / AUDITED") -> DISCREPANCY - MISSING DATA
A10: REC-1009 | B10: Pinnacle Real Estate | C10: Real Estate & REITs | D10: Sarah Jenkins | E10: Completed | F10: 46240 | G10: =IF(OR(ISBLANK(C10), ISBLANK(E10), ISBLANK(F10)), "DISCREPANCY - MISSING DATA", "CLEAN / AUDITED") -> CLEAN / AUDITED
A11: REC-1010 | B11: Quantum CyberSec | C11: Technology & AI | D11: Tariq Al-Mansoor | E11: Completed | F11: 46241 | G11: =IF(OR(ISBLANK(C11), ISBLANK(E11), ISBLANK(F11)), "DISCREPANCY - MISSING DATA", "CLEAN / AUDITED") -> CLEAN / AUDITED
A12: REC-1011 | B12: Horizon Pharma | C12: Healthcare & Biotech | D12: Marcus Vance | E12: Drafting | F12: 46242 | G12: =IF(OR(ISBLANK(C12), ISBLANK(E12), ISBLANK(F12)), "DISCREPANCY - MISSING DATA", "CLEAN / AUDITED") -> CLEAN / AUDITED
A13: REC-1012 | B13: Atlas Global Shipping | C13: Industrial & Supply Chain | D13: Chloe Dubois | E13: Completed | F13: 46242 | G13: =IF(OR(ISBLANK(C13), ISBLANK(E13), ISBLANK(F13)), "DISCREPANCY - MISSING DATA", "CLEAN / AUDITED") -> CLEAN / AUDITED
A14: REC-1013 | B14: Zenith Microelectronics | C14: Technology & AI | D14: Tariq Al-Mansoor | E14: Completed | F14: 46243 | G14: =IF(OR(ISBLANK(C14), ISBLANK(E14), ISBLANK(F14)), "DISCREPANCY - MISSING DATA", "CLEAN / AUDITED") -> CLEAN / AUDITED
A15: REC-1014 | B15: BlueWave Marine Tech | C15: Maritime & Shipping | D15: Liam O'Connor | E15: In Review | G15: =IF(OR(ISBLANK(C15), ISBLANK(E15), ISBLANK(F15)), "DISCREPANCY - MISSING DATA", "CLEAN / AUDITED") -> DISCREPANCY - MISSING DATA
A16: REC-1015 | B16: Oasis Agriculture Inc | C16: Consumer & Agriculture | D16: Priya Patel | E16: Completed | F16: 46244 | G16: =IF(OR(ISBLANK(C16), ISBLANK(E16), ISBLANK(F16)), "DISCREPANCY - MISSING DATA", "CLEAN / AUDITED") -> CLEAN / AUDITED
A17: REC-1016 | B17: Summit Asset Management | C17: Financial Services | D17: Sarah Jenkins | E17: Completed | F17: 46245 | G17: =IF(OR(ISBLANK(C17), ISBLANK(E17), ISBLANK(F17)), "DISCREPANCY - MISSING DATA", "CLEAN / AUDITED") -> CLEAN / AUDITED
A18: REC-1017 | B18: Aether Wind Power | C18: Clean Energy & Utilities | D18: Elena Rostova | E18: Completed | F18: 46245 | G18: =IF(OR(ISBLANK(C18), ISBLANK(E18), ISBLANK(F18)), "DISCREPANCY - MISSING DATA", "CLEAN / AUDITED") -> CLEAN / AUDITED
A19: REC-1018 | B19: Hyperion Defense Systems | C19: Aerospace & Defense | D19: David Kim | E19: In Review | F19: 46246 | G19: =IF(OR(ISBLANK(C19), ISBLANK(E19), ISBLANK(F19)), "DISCREPANCY - MISSING DATA", "CLEAN / AUDITED") -> CLEAN / AUDITED
A20: REC-1019 | B20: Crestview Healthcare | C20: Healthcare & Biotech | D20: Marcus Vance | E20: Completed | F20: 46246 | G20: =IF(OR(ISBLANK(C20), ISBLANK(E20), ISBLANK(F20)), "DISCREPANCY - MISSING DATA", "CLEAN / AUDITED") -> CLEAN / AUDITED
A21: REC-1020 | B21: OmniCloud Solutions | C21: Technology & AI | D21: Tariq Al-Mansoor | E21: Completed | F21: 46247 | G21: =IF(OR(ISBLANK(C21), ISBLANK(E21), ISBLANK(F21)), "DISCREPANCY - MISSING DATA", "CLEAN / AUDITED") -> CLEAN / AUDITED
A22: REC-1021 | B22: Urban Transit Group | C22: Industrial & Transport | D22: Chloe Dubois | E22: Completed | F22: 46248 | G22: =IF(OR(ISBLANK(C22), ISBLANK(E22), ISBLANK(F22)), "DISCREPANCY - MISSING DATA", "CLEAN / AUDITED") -> CLEAN / AUDITED
A23: REC-1022 | B23: Silverline Metallurgy | C23: Commodities & Mining | D23: Priya Patel | E23: Completed | F23: 46248 | G23: =IF(OR(ISBLANK(C23), ISBLANK(E23), ISBLANK(F23)), "DISCREPANCY - MISSING DATA", "CLEAN / AUDITED") -> CLEAN / AUDITED
A24: REC-1023 | B24: Beacon Wealth Advisory | C24: Financial Services | D24: Sarah Jenkins | E24: In Review | F24: 46249 | G24: =IF(OR(ISBLANK(C24), ISBLANK(E24), ISBLANK(F24)), "DISCREPANCY - MISSING DATA", "CLEAN / AUDITED") -> CLEAN / AUDITED
A25: REC-1024 | B25: Verdant Biofuels | C25: Clean Energy & Utilities | D25: Elena Rostova | E25: Completed | F25: 46249 | G25: =IF(OR(ISBLANK(C25), ISBLANK(E25), ISBLANK(F25)), "DISCREPANCY - MISSING DATA", "CLEAN / AUDITED") -> CLEAN / AUDITED
A26: REC-1025 | B26: Krypton Robotics | C26: Technology & AI | D26: Tariq Al-Mansoor | E26: Drafting | F26: 46250 | G26: =IF(OR(ISBLANK(C26), ISBLANK(E26), ISBLANK(F26)), "DISCREPANCY - MISSING DATA", "CLEAN / AUDITED") -> CLEAN / AUDITED
A27: REC-1026 | B27: Lumina Optics | C27: Industrial & Manufacturing | D27: David Kim | E27: Completed | F27: 46250 | G27: =IF(OR(ISBLANK(C27), ISBLANK(E27), ISBLANK(F27)), "DISCREPANCY - MISSING DATA", "CLEAN / AUDITED") -> CLEAN / AUDITED
... A31: REC-1030 | B31: Titan Heavy Machinery | C31: Industrial & Heavy Equipment | D31: Chloe Dubois | E31: Completed | F31: 46252 | G31: =IF(OR(ISBLANK(C31), ISBLANK(E31), ISBLANK(F31)), "DISCREPANCY - MISSING DATA", "CLEAN / AUDITED") -> CLEAN / AUDITED

Sheet Analyst_KPI_Tracker
A1: Analyst_Name | B1: Assigned_Sector | C1: Weekly_Target_Reports | D1: Submitted_Reports | E1: On_Time_Reports | F1: Outstanding_Follow_Ups | G1: KPI_Compliance_% | H1: Follow_Up_Status
A2: Sarah Jenkins | B2: Financial Services | C2: 4 | D2: 4 | E2: 4 | F2: 0 | G2: =D2/C2 -> 1 | H2: =IF(F2>0, "ACTION REQUIRED: Follow-Up Sent", "COMPLIANT") -> COMPLIANT
A3: Marcus Vance | B3: Healthcare & Biotech | C3: 4 | D3: 4 | E3: 3 | F3: 1 | G3: =D3/C3 -> 1 | H3: =IF(F3>0, "ACTION REQUIRED: Follow-Up Sent", "COMPLIANT") -> ACTION REQUIRED: Follow-Up Sent
A4: Elena Rostova | B4: Clean Energy & Utilities | C4: 3 | D4: 3 | E4: 3 | F4: 0 | G4: =D4/C4 -> 1 | H4: =IF(F4>0, "ACTION REQUIRED: Follow-Up Sent", "COMPLIANT") -> COMPLIANT
A5: Tariq Al-Mansoor | B5: Technology & AI | C5: 5 | D5: 5 | E5: 4 | F5: 1 | G5: =D5/C5 -> 1 | H5: =IF(F5>0, "ACTION REQUIRED: Follow-Up Sent", "COMPLIANT") -> ACTION REQUIRED: Follow-Up Sent
A6: Chloe Dubois | B6: Industrial & Logistics | C6: 4 | D6: 4 | E6: 4 | F6: 0 | G6: =D6/C6 -> 1 | H6: =IF(F6>0, "ACTION REQUIRED: Follow-Up Sent", "COMPLIANT") -> COMPLIANT
A7: Liam O'Connor | B7: Consumer & Retail | C7: 3 | D7: 2 | E7: 2 | F7: 1 | G7: =D7/C7 -> 0.66666667 | H7: =IF(F7>0, "ACTION REQUIRED: Follow-Up Sent", "COMPLIANT") -> ACTION REQUIRED: Follow-Up Sent
A8: Priya Patel | B8: Commodities & Mining | C8: 3 | D8: 3 | E8: 2 | F8: 1 | G8: =D8/C8 -> 1 | H8: =IF(F8>0, "ACTION REQUIRED: Follow-Up Sent", "COMPLIANT") -> ACTION REQUIRED: Follow-Up Sent
A9: David Kim | B9: Aerospace & Tech | C9: 3 | D9: 3 | E9: 3 | F9: 0 | G9: =D9/C9 -> 1 | H9: =IF(F9>0, "ACTION REQUIRED: Follow-Up Sent", "COMPLIANT") -> COMPLIANT

Sheet Daily_Attendance_Register
A1: Analyst_Name | B1: D01 | C1: DO2 | D1: DO3 | E1: DO4 | F1: DO5 | G1: DO6 | H1: DO7 | I1: DO8 | J1: DO9 | K1: DO10 | L1: DO11 | M1: DO12 | N1: DO13 | O1: DO14 | P1: DO15 | Q1: DO16 | R1: DO17 | S1: DO18 | T1: DO19 | U1: DO20 | V1: Total_Present | W1: Attendance_Rate_% | X1: Status
A2: Sarah Jenkins | B2: P | C2: P | D2: P | E2: P | F2: P | G2: P | H2: P | I2: P | J2: P | K2: P | L2: P | M2: P | N2: P | O2: P | P2: P | Q2: P | R2: P | S2: P | T2: P | U2: P | V2: =COUNTIF(B2:U2, "P") -> 20 | W2: =COUNTIF(B2:U2, "P") / COUNTA(B2:U2) -> 1 | X2: =IF(W2>=0.95, "REGULAR", "ATTENTION REQUIRED") -> REGULAR
A3: Marcus Vance | B3: P | C3: P | D3: P | E3: P | F3: P | G3: P | H3: P | I3: P | J3: P | K3: P | L3: L | M3: P | N3: P | O3: P | P3: P | Q3: P | R3: P | S3: P | T3: P | U3: P | V3: =COUNTIF(B3:U3, "P") -> 19 | W3: =COUNTIF(B3:U3, "P") / COUNTA(B3:U3) -> 0.95 | X3: =IF(W3>=0.95, "REGULAR", "ATTENTION REQUIRED") -> REGULAR
A4: Elena Rostova | B4: P | C4: P | D4: P | E4: P | F4: P | G4: P | H4: P | I4: P | J4: P | K4: P | L4: P | M4: P | N4: P | O4: P | P4: P | Q4: P | R4: P | S4: P | T4: P | U4: P | V4: =COUNTIF(B4:U4, "P") -> 20 | W4: =COUNTIF(B4:U4, "P") / COUNTA(B4:U4) -> 1 | X4: =IF(W4>=0.95, "REGULAR", "ATTENTION REQUIRED") -> REGULAR
A5: Tariq Al-Mansoor | B5: P | C5: P | D5: P | E5: P | F5: P | G5: P | H5: P | I5: P | J5: A | K5: P | L5: P | M5: P | N5: P | O5: P | P5: P | Q5: P | R5: P | S5: P | T5: P | U5: P | V5: =COUNTIF(B5:U5, "P") -> 19 | W5: =COUNTIF(B5:U5, "P") / COUNTA(B5:U5) -> 0.95 | X5: =IF(W5>=0.95, "REGULAR", "ATTENTION REQUIRED") -> REGULAR
A6: Chloe Dubois | B6: P | C6: P | D6: P | E6: P | F6: P | G6: P | H6: P | I6: P | J6: P | K6: P | L6: P | M6: P | N6: P | O6: P | P6: P | Q6: P | R6: P | S6: P | T6: P | U6: P | V6: =COUNTIF(B6:U6, "P") -> 20 | W6: =COUNTIF(B6:U6, "P") / COUNTA(B6:U6) -> 1 | X6: =IF(W6>=0.95, "REGULAR", "ATTENTION REQUIRED") -> REGULAR
A7: Liam O'Connor | B7: P | C7: P | D7: A | E7: P | F7: P | G7: P | H7: P | I7: P | J7: P | K7: P | L7: P | M7: L | N7: P | O7: P | P7: P | Q7: P | R7: P | S7: P | T7: P | U7: P | V7: =COUNTIF(B7:U7, "P") -> 18 | W7: =COUNTIF(B7:U7, "P") / COUNTA(B7:U7) -> 0.9 | X7: =IF(W7>=0.95, "REGULAR", "ATTENTION REQUIRED") -> ATTENTION REQUIRED
A8: Priya Patel | B8: P | C8: P | D8: P | E8: P | F8: P | G8: P | H8: P | I8: P | J8: P | K8: P | L8: P | M8: P | N8: P | O8: P | P8: P | Q8: L | R8: P | S8: P | T8: P | U8: P | V8: =COUNTIF(B8:U8, "P") -> 19 | W8: =COUNTIF(B8:U8, "P") / COUNTA(B8:U8) -> 0.95 | X8: =IF(W8>=0.95, "REGULAR", "ATTENTION REQUIRED") -> REGULAR
A9: David Kim | B9: P | C9: P | D9: P | E9: P | F9: P | G9: P | H9: P | I9: P | J9: P | K9: P | L9: P | M9: P | N9: P | O9: P | P9: P | Q9: P | R9: P | S9: P | T9: P | U9: P | V9: =COUNTIF(B9:U9, "P") -> 20 | W9: =COUNTIF(B9:U9, "P") / COUNTA(B9:U9) -> 1 | X9: =IF(W9>=0.95, "REGULAR", "ATTENTION REQUIRED") -> REGULAR
